requested_length,seq_len,targets,dense_prefill_seconds,sparse_kernel_prefill_seconds,sparse_live_prefill_seconds,kernel_prefill_speedup,live_prefill_speedup,sparse_exact_rate,dense_exact_rate,sparse_minus_dense_exact_rate,sparse_only_correct,dense_only_correct,sparse_fuzzy,answers_match_rate,tree_build_seconds,tree_traversal_seconds,route_pack_seconds
64000,63993,30,2.8250170320666106,1.0510577136333494,1.1450955671666483,2.687784881289676,2.4670578710357365,1.0,0.8333333333333334,0.16666666666666663,5,0,1.0,0.8333333333333334,0.006988408599969868,0.08544594963332959,0.0015431798666516747
72000,71996,30,3.4198268043667213,1.184081122166602,1.2960133703333365,2.8881693495030203,2.63872802754121,0.8666666666666667,0.6666666666666666,0.20000000000000007,6,0,0.8761904761904762,0.8,0.008024986199992175,0.10199890186665167,0.0017269284332996904
80000,79992,30,4.091484178666739,1.3195006869666486,1.4428344411666634,3.100782151218504,2.8357267209108206,1.0,0.9,0.09999999999999998,3,0,1.0,0.8333333333333334,0.008027385566689797,0.11342478226668694,0.001836501066660882
88000,87994,30,4.826641999666723,1.455804879333391,1.5919498816999293,3.3154456810701367,3.031905749766882,0.9666666666666667,0.9666666666666667,0.0,1,1,0.9666666666666667,0.9333333333333333,0.007973602199884529,0.12615011976655902,0.0019930084332978972
96000,95996,30,5.562381639466639,1.5836020190999383,1.7307344565999605,3.5124870847462635,3.213885075353486,1.0,0.8666666666666667,0.1333333333333333,4,0,1.0,0.8666666666666667,0.007768397466588794,0.13717506116669634,0.0020805201666007633
104000,103995,30,6.488167952600088,1.7183276843000386,1.8815357406666409,3.7758618521257463,3.448336277843591,0.9666666666666667,0.7666666666666667,0.19999999999999996,6,0,0.9666666666666667,0.7666666666666667,0.007940631166699555,0.15275867413332284,0.002203097800005101
112000,111996,30,7.397168090799884,1.8487761025665652,2.0231556978333174,4.001116241458746,3.656252506281065,1.0,0.8333333333333334,0.16666666666666663,5,0,1.0,0.8333333333333334,0.008046209099848056,0.16400740789995324,0.0023298514001605024
120000,119992,30,8.369986720966638,1.9850613978001397,2.1730641225665748,4.216487575770866,3.8516979936519165,1.0,0.9,0.09999999999999998,3,0,1.0,0.8666666666666667,0.007846636666727136,0.1775904516667045,0.0023909680668414996
128000,127996,30,9.390533802066663,2.1154563750666058,2.314910102000431,4.43901085021004,4.056543618670905,0.9333333333333333,0.8666666666666667,0.06666666666666665,4,2,0.9333333333333333,0.7666666666666667,0.007892729533402114,0.188886662199972,0.0025171110000883345
